Workbook

Sheet Scorecard
A1: Frontend Interview Scorecard
A2: Fill yellow cells only. Ratings & weights come from Config.
B3: Candidate Name
B4: Interview Date
B5: Interviewer(s)
B6: Role Applied For
B7: Years of Experience
A9: # | B9: Probe Area | C9: Category | D9: Weight | E9: Key Probe Pointers | F9: Rating (select) | G9: Score | H9: Points | I9: Min for Role | J9: Check | K9: Notes / Evidence
A10: 1 | B10: =Config!A15 -> Framework (React / Angular / Vue) | C10: =Config!B15 -> Core | D10: =Config!C15 -> 18 | E10: Rendering/re-render & memoization; state mgmt (local/server/global); hooks / change detection / reactivity; component design; large-app structure | G10: =IF(F10="","",INDEX(Config!$B$5:$B$9,MATCH(F10,Config!$A$5:$A$9,0))) | H10: =IF(G10="",0,D10*G10/4) -> 0 | I10: =IF($C$37=0,"",IF(INDEX(Config!$D15:$G15,1,$C$37)="","-",INDEX(Config!$D15:$G15,1,$C$37))) | J10: =IF(OR(I10="",I10="-"),"",IF(G10="","Not rated",IF(G10>=I10,"OK","BELOW MIN"))) | L10: =IF(G10="",0,G10) -> 0
A11: 2 | B11: =Config!A16 -> Core JavaScript | C11: =Config!B16 -> Core | D11: =Config!C16 -> 18 | E11: Event loop (micro/macro tasks); closures & scope; this/prototypes; async/await & promises; memory leaks | G11: =IF(F11="","",INDEX(Config!$B$5:$B$9,MATCH(F11,Config!$A$5:$A$9,0))) | H11: =IF(G11="",0,D11*G11/4) -> 0 | I11: =IF($C$37=0,"",IF(INDEX(Config!$D16:$G16,1,$C$37)="","-",INDEX(Config!$D16:$G16,1,$C$37))) | J11: =IF(OR(I11="",I11="-"),"",IF(G11="","Not rated",IF(G11>=I11,"OK","BELOW MIN"))) | L11: =IF(G11="",0,G11) -> 0
A12: 3 | B12: =Config!A17 -> TypeScript | C12: =Config!B17 -> Core | D12: =Config!C17 -> 10 | E12: interface vs type; generics & keyof; discriminated unions & narrowing; strict mode; typing API contracts | G12: =IF(F12="","",INDEX(Config!$B$5:$B$9,MATCH(F12,Config!$A$5:$A$9,0))) | H12: =IF(G12="",0,D12*G12/4) -> 0 | I12: =IF($C$37=0,"",IF(INDEX(Config!$D17:$G17,1,$C$37)="","-",INDEX(Config!$D17:$G17,1,$C$37))) | J12: =IF(OR(I12="",I12="-"),"",IF(G12="","Not rated",IF(G12>=I12,"OK","BELOW MIN"))) | L12: =IF(G12="",0,G12) -> 0
A13: 4 | B13: =Config!A18 -> Performance | C13: =Config!B18 -> Core | D13: =Config!C18 -> 10 | E13: Core Web Vitals (LCP/INP/CLS); bundle size & code-splitting; image/font loading; profiling tools; perf budgets | G13: =IF(F13="","",INDEX(Config!$B$5:$B$9,MATCH(F13,Config!$A$5:$A$9,0))) | H13: =IF(G13="",0,D13*G13/4) -> 0 | I13: =IF($C$37=0,"",IF(INDEX(Config!$D18:$G18,1,$C$37)="","-",INDEX(Config!$D18:$G18,1,$C$37))) | J13: =IF(OR(I13="",I13="-"),"",IF(G13="","Not rated",IF(G13>=I13,"OK","BELOW MIN"))) | L13: =IF(G13="",0,G13) -> 0
A14: 5 | B14: =Config!A19 -> Unit Testing | C14: =Config!B19 -> Core | D14: =Config!C19 -> 9 | E14: What to test (behaviour vs implementation); RTL/Jest/Vitest; mocking (MSW); async tests; test pyramid/trophy | G14: =IF(F14="","",INDEX(Config!$B$5:$B$9,MATCH(F14,Config!$A$5:$A$9,0))) | H14: =IF(G14="",0,D14*G14/4) -> 0 | I14: =IF($C$37=0,"",IF(INDEX(Config!$D19:$G19,1,$C$37)="","-",INDEX(Config!$D19:$G19,1,$C$37))) | J14: =IF(OR(I14="",I14="-"),"",IF(G14="","Not rated",IF(G14>=I14,"OK","BELOW MIN"))) | L14: =IF(G14="",0,G14) -> 0
A15: 6 | B15: =Config!A20 -> Accessibility | C15: =Config!B20 -> Core | D15: =Config!C20 -> 8 | E15: Semantic HTML; keyboard & focus mgmt; ARIA; accessible modal/forms; axe & screen-reader testing; WCAG 2.2 AA | G15: =IF(F15="","",INDEX(Config!$B$5:$B$9,MATCH(F15,Config!$A$5:$A$9,0))) | H15: =IF(G15="",0,D15*G15/4) -> 0 | I15: =IF($C$37=0,"",IF(INDEX(Config!$D20:$G20,1,$C$37)="","-",INDEX(Config!$D20:$G20,1,$C$37))) | J15: =IF(OR(I15="",I15="-"),"",IF(G15="","Not rated",IF(G15>=I15,"OK","BELOW MIN"))) | L15: =IF(G15="",0,G15) -> 0
A16: 7 | B16: =Config!A21 -> SSR (Next.js or other) | C16: =Config!B21 -> Core | D16: =Config!C21 -> 8 | E16: CSR vs SSR vs SSG vs ISR; hydration mismatches; Server vs Client Components; caching/revalidation; streaming | G16: =IF(F16="","",INDEX(Config!$B$5:$B$9,MATCH(F16,Config!$A$5:$A$9,0))) | H16: =IF(G16="",0,D16*G16/4) -> 0 | I16: =IF($C$37=0,"",IF(INDEX(Config!$D21:$G21,1,$C$37)="","-",INDEX(Config!$D21:$G21,1,$C$37))) | J16: =IF(OR(I16="",I16="-"),"",IF(G16="","Not rated",IF(G16>=I16,"OK","BELOW MIN"))) | L16: =IF(G16="",0,G16) -> 0
A17: 8 | B17: =Config!A22 -> Styling (CSS / design systems) | C17: =Config!B22 -> Core | D17: =Config!C22 -> 7 | E17: Specificity & box model; flex vs grid; CSS Modules / CSS-in-JS / Tailwind; theming & design tokens; responsive | G17: =IF(F17="","",INDEX(Config!$B$5:$B$9,MATCH(F17,Config!$A$5:$A$9,0))) | H17: =IF(G17="",0,D17*G17/4) -> 0 | I17: =IF($C$37=0,"",IF(INDEX(Config!$D22:$G22,1,$C$37)="","-",INDEX(Config!$D22:$G22,1,$C$37))) | J17: =IF(OR(I17="",I17="-"),"",IF(G17="","Not rated",IF(G17>=I17,"OK","BELOW MIN"))) | L17: =IF(G17="",0,G17) -> 0
A18: 9 | B18: =Config!A23 -> SEO | C18: =Config!B23 -> Core | D18: =Config!C23 -> 5 | E18: Meta/title/canonical; semantic structure; SPA indexing & SSR; structured data (JSON-LD); sitemaps/robots | G18: =IF(F18="","",INDEX(Config!$B$5:$B$9,MATCH(F18,Config!$A$5:$A$9,0))) | H18: =IF(G18="",0,D18*G18/4) -> 0 | I18: =IF($C$37=0,"",IF(INDEX(Config!$D23:$G23,1,$C$37)="","-",INDEX(Config!$D23:$G23,1,$C$37))) | J18: =IF(OR(I18="",I18="-"),"",IF(G18="","Not rated",IF(G18>=I18,"OK","BELOW MIN"))) | L18: =IF(G18="",0,G18) -> 0
A19: 10 | B19: =Config!A24 -> Node.js (runtime & tooling) | C19: =Config!B24 -> Core | D19: =Config!C24 -> 7 | E19: Event loop & libuv; streams & backpressure; npm/build tooling; worker threads; BFF pattern | G19: =IF(F19="","",INDEX(Config!$B$5:$B$9,MATCH(F19,Config!$A$5:$A$9,0))) | H19: =IF(G19="",0,D19*G19/4) -> 0 | I19: =IF($C$37=0,"",IF(INDEX(Config!$D24:$G24,1,$C$37)="","-",INDEX(Config!$D24:$G24,1,$C$37))) | J19: =IF(OR(I19="",I19="-"),"",IF(G19="","Not rated",IF(G19>=I19,"OK","BELOW MIN"))) | L19: =IF(G19="",0,G19) -> 0
A20: 11 | B20: =Config!A25 -> Node Backend (Express / Fastify / NestJS) | C20: =Config!B25 -> Good to know | D20: =Config!C25 -> 3 | E20: Express middleware / Fastify plugins / NestJS DI; validation; error handling; auth & rate limiting | G20: =IF(F20="","",INDEX(Config!$B$5:$B$9,MATCH(F20,Config!$A$5:$A$9,0))) | H20: =IF(G20="",0,D20*G20/4) -> 0 | I20: =IF($C$37=0,"",IF(INDEX(Config!$D25:$G25,1,$C$37)="","-",INDEX(Config!$D25:$G25,1,$C$37))) | J20: =IF(OR(I20="",I20="-"),"",IF(G20="","Not rated",IF(G20>=I20,"OK","BELOW MIN"))) | L20: =IF(G20="",0,G20) -> 0
A21: 12 | B21: =Config!A26 -> GraphQL | C21: =Config!B26 -> Good to know | D21: =Config!C26 -> 2.5 | E21: Schema & resolvers; N+1 & DataLoader; client caching (Apollo); REST vs GraphQL trade-offs | G21: =IF(F21="","",INDEX(Config!$B$5:$B$9,MATCH(F21,Config!$A$5:$A$9,0))) | H21: =IF(G21="",0,D21*G21/4) -> 0 | I21: =IF($C$37=0,"",IF(INDEX(Config!$D26:$G26,1,$C$37)="","-",INDEX(Config!$D26:$G26,1,$C$37))) | J21: =IF(OR(I21="",I21="-"),"",IF(G21="","Not rated",IF(G21>=I21,"OK","BELOW MIN"))) | L21: =IF(G21="",0,G21) -> 0
... A23: 14 | B23: =Config!A28 -> Mobile App Development | C23: =Config!B28 -> Good to know | D23: =Config!C28 -> 2.5 | E23: React Native / Flutter / PWA trade-offs; native APIs; offline-first; sharing logic with web | G23: =IF(F23="","",INDEX(Config!$B$5:$B$9,MATCH(F23,Config!$A$5:$A$9,0))) | H23: =IF(G23="",0,D23*G23/4) -> 0 | I23: =IF($C$37=0,"",IF(INDEX(Config!$D28:$G28,1,$C$37)="","-",INDEX(Config!$D28:$G28,1,$C$37))) | J23: =IF(OR(I23="",I23="-"),"",IF(G23="","Not rated",IF(G23>=I23,"OK","BELOW MIN"))) | L23: =IF(G23="",0,G23) -> 0
B25: SCORE
B26: Core Score (max 100) | C26: =SUM(H10:H19) -> 0
B27: Bonus (max 10) | C27: =SUM(H20:H23) -> 0
B28: Final Score | C28: =MIN(100,C26+C27) -> 0
B29: Core areas rated (of 10) | C29: =COUNTIF(F10:F19,"?*") -> 0
B31: Role | C31: Score Needed | D31: Score Met? | E31: Must-haves Missed | F31: Eligible?
B32: =Config!A35 -> Analyst | C32: =Config!C35 -> 30 | D32: =IF($C$28>=C32,"Yes","No") -> No | E32: =SUMPRODUCT((INDEX(Config!$D$15:$G$24,0,1)<>"")*(INDEX(Config!$D$15:$G$24,0,1)>$L$10:$L$19)) -> 3 | F32: =IF(AND(D32="Yes",E32=0),"Yes","No") -> No
B33: =Config!A36 -> Senior Analyst | C33: =Config!C36 -> 50 | D33: =IF($C$28>=C33,"Yes","No") -> No | E33: =SUMPRODUCT((INDEX(Config!$D$15:$G$24,0,2)<>"")*(INDEX(Config!$D$15:$G$24,0,2)>$L$10:$L$19)) -> 7 | F33: =IF(AND(D33="Yes",E33=0),"Yes","No") -> No
B34: =Config!A37 -> Specialist/Lead | C34: =Config!C37 -> 68 | D34: =IF($C$28>=C34,"Yes","No") -> No | E34: =SUMPRODUCT((INDEX(Config!$D$15:$G$24,0,3)<>"")*(INDEX(Config!$D$15:$G$24,0,3)>$L$10:$L$19)) -> 10 | F34: =IF(AND(D34="Yes",E34=0),"Yes","No") -> No
B35: =Config!A38 -> Architect | C35: =Config!C38 -> 82 | D35: =IF($C$28>=C35,"Yes","No") -> No | E35: =SUMPRODUCT((INDEX(Config!$D$15:$G$24,0,4)<>"")*(INDEX(Config!$D$15:$G$24,0,4)>$L$10:$L$19)) -> 10 | F35: =IF(AND(D35="Yes",E35=0),"Yes","No") -> No
B37: Applied level | C37: =IFERROR(MATCH($C$6,Config!$A$35:$A$38,0),0) -> 0
B38: Eligible level | C38: =IF(F35="Yes",4,IF(F34="Yes",3,IF(F33="Yes",2,IF(F32="Yes",1,0)))) -> 0
B39: Eligible role | C39: =IF(C38=0,"None (below Analyst bar)",INDEX(Config!$A$35:$A$38,C38)) -> None (below Analyst bar)
B40: Gap (Applied − Eligible) | C40: =IF(C37=0,"",C37-C38)
B41: Experience check (info only) | C41: =IF(OR(C7="",C37=0),"",IF(C7<INDEX(Config!$D$35:$D$38,C37),"Below typical yrs for role","Meets typical yrs for role"))
B43: RECOMMENDATION | C43: =IF(C37=0,"Select Role Applied For",IF(C29<10,"INCOMPLETE – rate all core areas ("&C29&"/10)",IF(C38=0,"NOT RECOMMENDED – below Analyst bar",IF(C40<=0,"RECOMMEND – "&C6,IF(C40<=Config!$B$40,"RECOMMEND AT LOWER LEVEL – "&C39,"NOT RECOMMENDED – "&C40&" levels below "&C6))))) -> Select Role Applied For
B45: Panel comments / override reason

Sheet Algorithm
A1: Recommendation Algorithm
A3: 1. Rate each area
A4: No Exposure = 0 · Conceptual = 1 · Guided = 2 · Independent = 3 · Expert = 4
A6: 2. Points per area
A7: Points = Weight × Rating ÷ 4
A9: 3. Scores
A10: Core Score = sum of 10 core areas' points (max 100)
A11: Bonus = sum of 4 good-to-know areas' points (max 10)
A12: Final Score = Core + Bonus (capped at 100)
A14: 4. Role bars (edit on Config)
A15: Role | B15: Final Score needed | C15: Must-have minimums (Config cols D–G)
A16: Analyst | B16: =Config!C35 -> 30 | C16: Framework, JS, Styling ≥ 1
A17: Senior Analyst | B17: =Config!C36 -> 50 | C17: Framework, JS, Styling ≥ 2 · most others ≥ 1
A18: Specialist/Lead | B18: =Config!C37 -> 68 | C18: Framework, JS ≥ 3 · TS, Perf, Testing, A11y, SSR, Styling ≥ 2
A19: Architect | B19: =Config!C38 -> 82 | C19: Framework, JS, TS, Perf, SSR ≥ 3 · rest ≥ 2
A21: 5. Eligible?
A22: Eligible = Final Score ≥ bar AND all must-haves met
A24: 6. Eligible Level
A25: Highest role the candidate is eligible for (Analyst 1 · Sr Analyst 2 · Lead 3 · Architect 4)
A27: 7. Gap
A28: Gap = Applied Level − Eligible Level
A30: 8. Recommendation
A31: Gap | B31: Result
A32: 0 or less | B32: ✅ Recommend for applied role
A33: 1 (Config!B40) | B33: 🟡 Recommend one level lower
A34: 2 or more / not eligible for any role | B34: ❌ Not recommended
A35: Not all core areas rated | B35: ⏸ Incomplete
A37: Example
A38: Applied for Lead (3), eligible only for Analyst (1) → Gap = 2 → ❌ Not recommended

Sheet Config
A1: Configuration – scale, weights, must-have minimums, role thresholds
A3: Proficiency Scale
A4: Rating | B4: Score (0-4) | C4: Credit factor | D4: Definition | E4: Typical evidence in interview
A5: No Exposure | B5: 0 | C5: =B5/4 -> 0 | D5: Has not used it and cannot describe it meaningfully. | E5: Guesses, or says 'never worked on it'.
A6: Conceptual Awareness | B6: 1 | C6: =B6/4 -> 0.25 | D6: Can explain what it is and why it matters; little or no applied use. | E6: Textbook answers; struggles with 'how would you implement…'.
A7: Guided Practitioner | B7: 2 | C7: =B7/4 -> 0.5 | D7: Has applied it in real work with support, references or existing patterns. | E7: Can describe what they did but not trade-offs or failure modes.
A8: Independent Practitioner | B8: 3 | C8: =B8/4 -> 0.75 | D8: Delivers production work unaided; debugs, makes and defends trade-offs. | E8: Concrete war stories, edge cases, measured outcomes.
A9: Expert / Multiplier | B9: 4 | C9: =B9/4 -> 1 | D9: Designs approaches, sets standards, reviews and mentors others on it. | E9: Talks in principles + governance; has changed how a team works.
A12: Probe Areas, Weights & Must-have Minimums
A13: Core weights must total 100. Good-to-know weights form a bonus pool (total 10). Min columns = lowest Score (0-4) a candidate needs in that area to be eligible for the role; blank = no requirement.
A14: Probe Area | B14: Category | C14: Weight | D14: Analyst min Rating | E14: Senior Analyst min Rating | F14: Specialist/Lead min Rating | G14: Architect min Rating | H14: Why this weight
A15: Framework (React / Angular / Vue) | B15: Core | C15: 18 | D15: 1 | E15: 2 | F15: 3 | G15: 3 | H15: Day-one productivity; most code written here.
A16: Core JavaScript | B16: Core | C16: 18 | D16: 1 | E16: 2 | F16: 3 | G16: 3 | H16: Foundation for debugging anything the framework hides.
A17: TypeScript | B17: Core | C17: 10 | E17: 1 | F17: 2 | G17: 3 | H17: Type design drives API contracts & refactor safety.
A18: Performance | B18: Core | C18: 10 | E18: 1 | F18: 2 | G18: 3 | H18: Differentiates senior/lead; direct business impact.
A19: Unit Testing | B19: Core | C19: 9 | E19: 1 | F19: 2 | G19: 2 | H19: Quality culture; leads must set the bar.
A20: Accessibility | B20: Core | C20: 8 | E20: 1 | F20: 2 | G20: 2 | H20: Legal/compliance risk; often weak in candidates.
A21: SSR (Next.js or other) | B21: Core | C21: 8 | F21: 2 | G21: 3 | H21: Rendering strategy is an architectural decision.
A22: Styling (CSS / design systems) | B22: Core | C22: 7 | D22: 1 | E22: 2 | F22: 2 | G22: 2 | H22: Everyone needs it; ceiling matters less than floor.
A23: SEO | B23: Core | C23: 5 | F23: 1 | G23: 2 | H23: Important for public sites; narrower scope.
A24: Node.js (runtime & tooling) | B24: Core | C24: 7 | F24: 1 | G24: 2 | H24: Build tooling, BFFs, scripts.
A25: Node Backend (Express / Fastify / NestJS) | B25: Good to know | C25: 3 | H25: Bonus: full-stack reach.
A26: GraphQL | B26: Good to know | C26: 2.5 | H26: Bonus: API layer breadth.
A27: UI/UX & Figma | B27: Good to know | C27: 2 | H27: Bonus: design collaboration.
A28: Mobile App Development | B28: Good to know | C28: 2.5 | H28: Bonus: cross-platform reach.
A29: Core weight total (must = 100) | C29: =SUMIF(B15:B28,"Core",C15:C28) -> 100
A30: Bonus pool total | C30: =SUMIF(B15:B28,"Good to know",C15:C28) -> 10
A33: Role Thresholds
A34: Role | B34: Level index | C34: Min Final Score | D34: Typical experience (min yrs) | E34: What the bar means
A35: Analyst | B35: 1 | C35: 30 | D35: 0 | E35: Conceptual everywhere, guided in framework/JS/CSS.
A36: Senior Analyst | B36: 2 | C36: 50 | D36: 3 | E36: Guided practitioner across the board.
A37: Specialist/Lead | B37: 3 | C37: 68 | D37: 6 | E37: Independent in most core areas; can own a feature area.
A38: Architect | B38: 4 | C38: 82 | D38: 10 | E38: Independent everywhere, expert in several;
A40: Max levels below applied role (down-level allowed) | B40: 1 | C40: 1 = Lead can be offered Senior Analyst; 2+ levels below → Not Recommended. Set 0 for no down-levelling.
